Player,FGDist,FGDist_Fitted,FGPct,3PPct,3PAPct,Cluster,Spacing Score,Level,3PEff
Isaiah Hartenstein,5.9,0.211711712,0.626,0.467,0.092134831,1,0,Non-Spacer,Below Average
Willy Hernangómez,4.2,0.135135135,0.52,0.333,0.041573034,1,0,Non-Spacer,Below Average
Dwight Howard,4.5,0.148648649,0.612,0.533,0.076404494,1,0,Non-Spacer,Below Average
Damian Jones,7.4,0.279279279,0.658,0.345,0.12247191,1,0,Non-Spacer,Below Average
Boban Marjanović,7,0.261261261,0.6,0.25,0.064044944,1,0,Non-Spacer,Below Average
Jaxson Hayes,6.6,0.243243243,0.616,0.351,0.160674157,1,0,Non-Spacer,Below Average
Cody Zeller,3.7,0.112612613,0.567,0,0.049438202,1,0,Non-Spacer,Below Average
Alize Johnson,6.2,0.225225225,0.436,0,0.115730337,1,0,Non-Spacer,Below Average
Robin Lopez,6.2,0.225225225,0.553,0.333,0.033707865,1,0,Non-Spacer,Below Average
Kevon Looney,4.6,0.153153153,0.571,0,0.003370787,1,0,Non-Spacer,Below Average
Richaun Holmes,5.5,0.193693694,0.66,0.4,0.019101124,1,0,Non-Spacer,Below Average
Nathan Knight,5.7,0.202702703,0.511,0.308,0.166292135,1,0,Non-Spacer,Below Average
Alex Len,7,0.261261261,0.534,0.286,0.133707865,1,0,Non-Spacer,Below Average
Isaiah Jackson,5,0.171171171,0.563,0.313,0.087640449,1,0,Non-Spacer,Below Average
Jusuf Nurkić,5.9,0.211711712,0.535,0.268,0.104494382,1,0,Non-Spacer,Below Average
Onyeka Okongwu,2.7,0.067567568,0.69,0,0,1,0,Non-Spacer,Below Average
Nerlens Noel,5.9,0.211711712,0.533,0,0.056179775,1,0,Non-Spacer,Below Average
JaVale McGee,4.3,0.13963964,0.629,0.222,0.02247191,1,0,Non-Spacer,Below Average
DeAndre Jordan,1.7,0.022522523,0.643,0,0,1,0,Non-Spacer,Below Average
Kai Jones,7.7,0.292792793,0.643,0.5,0.160674157,1,0,Non-Spacer,Below Average
Ivica Zubac,3.4,0.099099099,0.626,0,0,1,0,Non-Spacer,Below Average
Marquese Chriss,7.8,0.297297297,0.463,0.32,0.21011236,1,0,Non-Spacer,Below Average
Tyler Cook,2.2,0.045045045,0.605,0,0,1,0,Non-Spacer,Below Average
Nic Claxton,2.5,0.058558559,0.674,0,0,1,0,Non-Spacer,Below Average
Brandon Clarke,5.4,0.189189189,0.644,0.227,0.05505618,1,0,Non-Spacer,Below Average
Isaiah Stewart,5.6,0.198198198,0.51,0.326,0.105617978,1,0,Non-Spacer,Below Average
Montrezl Harrell,4.8,0.162162162,0.645,0.235,0.034831461,1,0,Non-Spacer,Below Average
Willie Cauley-Stein,5.3,0.184684685,0.457,0.5,0.064044944,1,0,Non-Spacer,Below Average
Terry Taylor,7.2,0.27027027,0.614,0.316,0.194382022,1,0,Non-Spacer,Below Average
Clint Capela,2.2,0.045045045,0.613,0,0.002247191,1,0,Non-Spacer,Below Average
Tristan Thompson,4.3,0.13963964,0.528,0.333,0.012359551,1,0,Non-Spacer,Below Average
Moses Brown,2.5,0.058558559,0.593,0,0,1,0,Non-Spacer,Below Average
Jarred Vanderbilt,3.1,0.085585586,0.587,0.143,0.043820225,1,0,Non-Spacer,Below Average
Tony Bradley,3.9,0.121621622,0.585,0,0,1,0,Non-Spacer,Below Average
Jericho Sims,2,0.036036036,0.722,0,0,1,0,Non-Spacer,Below Average
Bismack Biyombo,4.3,0.13963964,0.593,0,0,1,0,Non-Spacer,Below Average
DeAndre' Bembry,6.2,0.225225225,0.561,0.417,0.183146067,1,0,Non-Spacer,Below Average
Trendon Watford,8,0.306306306,0.532,0.237,0.159550562,1,0,Non-Spacer,Below Average
Charles Bassey,5.6,0.198198198,0.638,0,0.095505618,1,0,Non-Spacer,Below Average
Hassan Whiteside,3.8,0.117117117,0.652,0,0,1,0,Non-Spacer,Below Average
Deandre Ayton,7,0.261261261,0.634,0.368,0.030337079,1,0,Non-Spacer,Below Average
Robert Williams,2.4,0.054054054,0.736,0,0.003370787,1,0,Non-Spacer,Below Average
Thanasis Antetokounmpo,5.3,0.184684685,0.547,0.143,0.12247191,1,0,Non-Spacer,Below Average
Jarrett Allen,3.8,0.117117117,0.677,0.1,0.020224719,1,0,Non-Spacer,Below Average
Thaddeus Young,7.7,0.292792793,0.518,0.354,0.197752809,1,0,Non-Spacer,Below Average
Omer Yurtseven,5.8,0.207207207,0.526,0.091,0.050561798,1,0,Non-Spacer,Below Average
Bam Adebayo,7,0.261261261,0.557,0,0.008988764,1,0,Non-Spacer,Below Average
Steven Adams,2.9,0.076576577,0.547,0,0.003370787,1,0,Non-Spacer,Below Average
Khem Birch,6.4,0.234234234,0.485,0,0.078651685,1,0,Non-Spacer,Below Average
Day'Ron Sharpe,3.2,0.09009009,0.577,0.286,0.052808989,1,0,Non-Spacer,Below Average
Mitchell Robinson,1.2,0,0.761,0,0,1,0,Non-Spacer,Below Average
Daniel Gafford,2.9,0.076576577,0.693,0,0.002247191,1,0,Non-Spacer,Below Average
Nick Richards,2.7,0.067567568,0.667,0,0,1,0,Non-Spacer,Below Average
Drew Eubanks,6.2,0.225225225,0.596,0.217,0.069662921,1,0,Non-Spacer,Below Average
Paul Reed,5.4,0.189189189,0.563,0.25,0.093258427,1,0,Non-Spacer,Below Average
Enes Freedom,4.4,0.144144144,0.526,0.4,0.058426966,1,0,Non-Spacer,Below Average
Andre Drummond,2.8,0.072072072,0.57,0,0.007865169,1,0,Non-Spacer,Below Average
Domantas Sabonis,7.6,0.288288288,0.573,0.312,0.182022472,1,0,Non-Spacer,Below Average
Dwight Powell,4.6,0.153153153,0.671,0.351,0.103370787,1,0,Non-Spacer,Below Average
Rudy Gobert,2.7,0.067567568,0.713,0,0.008988764,1,0,Non-Spacer,Below Average
Bruno Fernando,4,0.126126126,0.655,0.5,0.040449438,1,0,Non-Spacer,Below Average
Jakob Poeltl,4.7,0.157657658,0.618,1,0.002247191,1,0,Non-Spacer,Below Average
Mason Plumlee,3.1,0.085585586,0.641,0,0.006741573,1,0,Non-Spacer,Below Average
Elfrid Payton,8,0.306306306,0.383,0.222,0.115730337,1,0,Non-Spacer,Below Average
Ed Davis,2.3,0.04954955,0.688,0,0,1,0,Non-Spacer,Below Average
Christian Wood,13,0.531531532,0.501,0.39,0.430337079,2,0.5,Semi-Spacer,Average
Nikola Vučević,13,0.531531532,0.473,0.314,0.32247191,2,0.5,Semi-Spacer,Average
Franz Wagner,10.4,0.414414414,0.468,0.354,0.312359551,2,0.5,Semi-Spacer,Average
Tyrese Maxey,12.9,0.527027027,0.485,0.427,0.349438202,2,0.5,Semi-Spacer,Average
Brad Wanamaker,13.4,0.54954955,0.364,0.235,0.248314607,2,0.5,Semi-Spacer,Average
Josh Okogie,12.3,0.5,0.404,0.298,0.507865169,2,0.5,Semi-Spacer,Average
Naz Reid,10.6,0.423423423,0.489,0.343,0.392134831,2,0.5,Semi-Spacer,Average
Gary Payton II,10.4,0.414414414,0.616,0.358,0.392134831,2,0.5,Semi-Spacer,Average
Russell Westbrook,10.8,0.432432432,0.444,0.298,0.241573034,2,0.5,Semi-Spacer,Average
Isaac Okoro,10.4,0.414414414,0.48,0.35,0.408988764,2,0.5,Semi-Spacer,Average
KZ Okpala,12,0.486486486,0.435,0.346,0.423595506,2,0.5,Semi-Spacer,Average
Aaron Wiggins,12.7,0.518018018,0.463,0.304,0.459550562,2,0.5,Semi-Spacer,Average
Skylar Mays,12.1,0.490990991,0.5,0.32,0.439325843,2,0.5,Semi-Spacer,Average
Kenyon Martin Jr.,9.8,0.387387387,0.533,0.357,0.360674157,2,0.5,Semi-Spacer,Average
T.J. McConnell,10,0.396396396,0.481,0.303,0.178651685,2,0.5,Semi-Spacer,Average
Jalen McDaniels,13.4,0.54954955,0.484,0.38,0.47752809,2,0.5,Semi-Spacer,Average
Justise Winslow,10.7,0.427927928,0.428,0.227,0.288764045,2,0.5,Semi-Spacer,Average
Jordan McLaughlin,13.3,0.545045045,0.44,0.318,0.47752809,2,0.5,Semi-Spacer,Average
Pascal Siakam,11.2,0.45045045,0.494,0.344,0.203370787,2,0.5,Semi-Spacer,Average
Karl-Anthony Towns,11.5,0.463963964,0.529,0.41,0.338202247,2,0.5,Semi-Spacer,Average
Daishen Nix,12.7,0.518018018,0.403,0.269,0.435955056,2,0.5,Semi-Spacer,Average
Zeke Nnaji,13.1,0.536036036,0.516,0.463,0.483146067,2,0.5,Semi-Spacer,Average
Dennis Smith Jr.,9,0.351351351,0.418,0.222,0.160674157,2,0.5,Semi-Spacer,Average
Raul Neto,12,0.486486486,0.463,0.292,0.305617978,2,0.5,Semi-Spacer,Average
Ish Smith,13.3,0.545045045,0.43,0.373,0.175280899,2,0.5,Semi-Spacer,Average
Alperen Şengün,9,0.351351351,0.474,0.248,0.250561798,2,0.5,Semi-Spacer,Average
Jalen Smith,12.4,0.504504505,0.503,0.328,0.392134831,2,0.5,Semi-Spacer,Average
Larry Nance Jr.,9.9,0.391891892,0.522,0.329,0.317977528,2,0.5,Semi-Spacer,Average
Lamar Stevens,9.9,0.391891892,0.489,0.277,0.229213483,2,0.5,Semi-Spacer,Average
Dejounte Murray,12.7,0.518018018,0.462,0.327,0.266292135,2,0.5,Semi-Spacer,Average
Tomáš Satoranský,13,0.531531532,0.377,0.208,0.311235955,2,0.5,Semi-Spacer,Average
Olivier Sarr,10.8,0.432432432,0.574,0.448,0.32247191,2,0.5,Semi-Spacer,Average
Ja Morant,10.3,0.40990991,0.493,0.344,0.24494382,2,0.5,Semi-Spacer,Average
Jalen Suggs,13.3,0.545045045,0.361,0.214,0.402247191,2,0.5,Semi-Spacer,Average
Jae'Sean Tate,9.2,0.36036036,0.498,0.312,0.311235955,2,0.5,Semi-Spacer,Average
Evan Mobley,8.4,0.324324324,0.508,0.25,0.124719101,2,0.5,Semi-Spacer,Average
Derrick Rose,13.4,0.54954955,0.445,0.402,0.37752809,2,0.5,Semi-Spacer,Average
Isaiah Roby,10.8,0.432432432,0.514,0.444,0.34494382,2,0.5,Semi-Spacer,Average
Daniel Theis,12.4,0.504504505,0.519,0.308,0.413483146,2,0.5,Semi-Spacer,Average
David Nwaba,9,0.351351351,0.483,0.306,0.312359551,2,0.5,Semi-Spacer,Average
Matisse Thybulle,13.1,0.536036036,0.5,0.313,0.539325843,2,0.5,Semi-Spacer,Average
Xavier Tillman Sr.,9.6,0.378378378,0.454,0.204,0.25505618,2,0.5,Semi-Spacer,Average
Shake Milton,13.4,0.54954955,0.429,0.323,0.370786517,2,0.5,Semi-Spacer,Average
Paul Millsap,10.9,0.436936937,0.391,0.229,0.341573034,2,0.5,Semi-Spacer,Average
Obi Toppin,10.5,0.418918919,0.531,0.308,0.401123596,2,0.5,Semi-Spacer,Average
Juan Toscano-Anderson,11.7,0.472972973,0.489,0.322,0.415730337,2,0.5,Semi-Spacer,Average
Jonas Valančiūnas,9.1,0.355855856,0.544,0.361,0.188764045,2,0.5,Semi-Spacer,Average
Eric Paschall,13.4,0.54954955,0.485,0.37,0.516853933,2,0.5,Semi-Spacer,Average
Precious Achiuwa,10.2,0.405405405,0.439,0.359,0.291011236,2,0.5,Semi-Spacer,Average
Caleb Martin,12.6,0.513513514,0.507,0.413,0.424719101,2,0.5,Semi-Spacer,Average
Zach Collins,11,0.441441441,0.49,0.341,0.297752809,2,0.5,Semi-Spacer,Average
DeMarcus Cousins,12.1,0.490990991,0.46,0.303,0.423595506,2,0.5,Semi-Spacer,Average
Jarrett Culver,13.5,0.554054054,0.378,0.255,0.391011236,2,0.5,Semi-Spacer,Average
Anthony Davis,9.6,0.378378378,0.532,0.186,0.113483146,2,0.5,Semi-Spacer,Average
Dewayne Dedmon,8.2,0.315315315,0.566,0.404,0.182022472,2,0.5,Semi-Spacer,Average
DeMar DeRozan,13,0.531531532,0.504,0.352,0.104494382,2,0.5,Semi-Spacer,Average
Hamidou Diallo,9.5,0.373873874,0.496,0.247,0.198876404,2,0.5,Semi-Spacer,Average
Ayo Dosunmu,12.3,0.5,0.52,0.376,0.391011236,2,0.5,Semi-Spacer,Average
David Duke Jr.,10.6,0.423423423,0.361,0.243,0.385393258,2,0.5,Semi-Spacer,Average
CJ Elleby,13.4,0.54954955,0.393,0.294,0.459550562,2,0.5,Semi-Spacer,Average
Cody Martin,12.1,0.490990991,0.482,0.384,0.42247191,2,0.5,Semi-Spacer,Average
Derrick Favors,9.7,0.382882883,0.516,0.125,0.098876404,2,0.5,Semi-Spacer,Average
Trent Forrest,8.8,0.342342342,0.49,0.185,0.195505618,2,0.5,Semi-Spacer,Average
De'Aaron Fox,12.4,0.504504505,0.473,0.297,0.256179775,2,0.5,Semi-Spacer,Average
Wenyen Gabriel,8.5,0.328828829,0.491,0.286,0.286516854,2,0.5,Semi-Spacer,Average
Usman Garuba,12.6,0.513513514,0.432,0.25,0.511235955,2,0.5,Semi-Spacer,Average
Luka Garza,12.7,0.518018018,0.449,0.327,0.374157303,2,0.5,Semi-Spacer,Average
Taj Gibson,9.9,0.391891892,0.518,0.395,0.257303371,2,0.5,Semi-Spacer,Average
Josh Giddey,12.7,0.518018018,0.419,0.263,0.357303371,2,0.5,Semi-Spacer,Average
Shai Gilgeous-Alexander,12.1,0.490990991,0.453,0.3,0.316853933,2,0.5,Semi-Spacer,Average
Anthony Gill,9.2,0.36036036,0.569,0.538,0.268539326,2,0.5,Semi-Spacer,Average
Aaron Gordon,11.5,0.463963964,0.52,0.335,0.350561798,2,0.5,Semi-Spacer,Average
Draymond Green,9.8,0.387387387,0.525,0.296,0.235955056,2,0.5,Semi-Spacer,Average
JaMychal Green,12.1,0.490990991,0.486,0.266,0.425842697,2,0.5,Semi-Spacer,Average
Javonte Green,9.1,0.355855856,0.542,0.356,0.349438202,2,0.5,Semi-Spacer,Average
John Collins,11,0.441441441,0.526,0.364,0.306741573,2,0.5,Semi-Spacer,Average
Josh Christopher,13.3,0.545045045,0.448,0.296,0.424719101,2,0.5,Semi-Spacer,Average
Justin Champagnie,11.7,0.472972973,0.463,0.357,0.469662921,2,0.5,Semi-Spacer,Average
Wendell Carter Jr.,12.1,0.490990991,0.525,0.327,0.351685393,2,0.5,Semi-Spacer,Average
Santi Aldama,12,0.486486486,0.402,0.125,0.408988764,2,0.5,Semi-Spacer,Average
LaMarcus Aldridge,12.3,0.5,0.55,0.304,0.112359551,2,0.5,Semi-Spacer,Average
Jose Alvarado,13.6,0.558558559,0.446,0.291,0.420224719,2,0.5,Semi-Spacer,Average
Kyle Anderson,10.7,0.427927928,0.446,0.33,0.260674157,2,0.5,Semi-Spacer,Average
Giannis Antetokounmpo,10,0.396396396,0.553,0.293,0.217977528,2,0.5,Semi-Spacer,Average
Marvin Bagley III,9.2,0.36036036,0.504,0.237,0.243820225,2,0.5,Semi-Spacer,Average
Dalano Banton,11,0.441441441,0.411,0.255,0.283146067,2,0.5,Semi-Spacer,Average
Harrison Barnes,13.5,0.554054054,0.469,0.394,0.485393258,2,0.5,Semi-Spacer,Average
Scottie Barnes,10.9,0.436936937,0.492,0.301,0.23258427,2,0.5,Semi-Spacer,Average
RJ Barrett,12,0.486486486,0.408,0.342,0.379775281,2,0.5,Semi-Spacer,Average
Keita Bates-Diop,8.4,0.324324324,0.517,0.309,0.234831461,2,0.5,Semi-Spacer,Average
Darius Bazley,12.7,0.518018018,0.422,0.297,0.465168539,2,0.5,Semi-Spacer,Average
Jeff Green,11.3,0.454954955,0.524,0.315,0.357303371,2,0.5,Semi-Spacer,Average
Bradley Beal,13.1,0.536036036,0.451,0.3,0.305617978,2,0.5,Semi-Spacer,Average
Chris Boucher,12.1,0.490990991,0.464,0.297,0.446067416,2,0.5,Semi-Spacer,Average
James Bouknight,12,0.486486486,0.348,0.347,0.391011236,2,0.5,Semi-Spacer,Average
Mikal Bridges,13.3,0.545045045,0.534,0.369,0.408988764,2,0.5,Semi-Spacer,Average
Miles Bridges,12.4,0.504504505,0.491,0.331,0.430337079,2,0.5,Semi-Spacer,Average
Malcolm Brogdon,13.2,0.540540541,0.448,0.312,0.385393258,2,0.5,Semi-Spacer,Average
Dillon Brooks,13.3,0.545045045,0.432,0.309,0.317977528,2,0.5,Semi-Spacer,Average
Bruce Brown,8.4,0.324324324,0.506,0.404,0.208988764,2,0.5,Semi-Spacer,Average
Charlie Brown Jr.,11,0.441441441,0.256,0.083,0.346067416,2,0.5,Semi-Spacer,Average
Greg Brown III,10.7,0.427927928,0.426,0.311,0.360674157,2,0.5,Semi-Spacer,Average
Jalen Brunson,13.1,0.536036036,0.502,0.373,0.280898876,2,0.5,Semi-Spacer,Average
Thomas Bryant,11.5,0.463963964,0.52,0.286,0.319101124,2,0.5,Semi-Spacer,Average
Jimmy Butler,9.6,0.378378378,0.48,0.233,0.157303371,2,0.5,Semi-Spacer,Average
Goga Bitadze,10.4,0.414414414,0.52,0.288,0.356179775,2,0.5,Semi-Spacer,Average
Josh Green,11.1,0.445945946,0.508,0.359,0.342696629,2,0.5,Semi-Spacer,Average
Joel Embiid,11.9,0.481981982,0.499,0.371,0.211235955,2,0.5,Semi-Spacer,Average
James Johnson,9.4,0.369369369,0.469,0.271,0.311235955,2,0.5,Semi-Spacer,Average
Jalen Johnson,10.8,0.432432432,0.537,0.231,0.356179775,2,0.5,Semi-Spacer,Average
Blake Griffin,13.5,0.554054054,0.425,0.262,0.520224719,2,0.5,Semi-Spacer,Average
Keldon Johnson,13.4,0.54954955,0.466,0.398,0.443820225,2,0.5,Semi-Spacer,Average
Keon Johnson,13.3,0.545045045,0.353,0.34,0.413483146,2,0.5,Semi-Spacer,Average
Nikola Jokić,10.2,0.405405405,0.583,0.337,0.247191011,2,0.5,Semi-Spacer,Average
Derrick Jones Jr.,8.9,0.346846847,0.538,0.328,0.351685393,2,0.5,Semi-Spacer,Average
Tre Jones,9.7,0.382882883,0.49,0.196,0.168539326,2,0.5,Semi-Spacer,Average
Jonathan Kuminga,11,0.441441441,0.513,0.336,0.364044944,2,0.5,Semi-Spacer,Average
Jock Landale,13.3,0.545045045,0.495,0.326,0.48988764,2,0.5,Semi-Spacer,Average
Saben Lee,11.2,0.45045045,0.39,0.233,0.380898876,2,0.5,Semi-Spacer,Average
Caris LeVert,12.8,0.522522523,0.444,0.32,0.337078652,2,0.5,Semi-Spacer,Average
Trey Lyles,12.8,0.522522523,0.466,0.321,0.417977528,2,0.5,Semi-Spacer,Average
Sandro Mamukelashvili,13.3,0.545045045,0.496,0.423,0.507865169,2,0.5,Semi-Spacer,Average
Terance Mann,12.3,0.5,0.484,0.365,0.338202247,2,0.5,Semi-Spacer,Average
Naji Marshall,12.8,0.522522523,0.405,0.2,0.438202247,2,0.5,Semi-Spacer,Average
Jaren Jackson Jr.,13.1,0.536036036,0.415,0.319,0.434831461,2,0.5,Semi-Spacer,Average
Talen Horton-Tucker,12.8,0.522522523,0.416,0.269,0.379775281,2,0.5,Semi-Spacer,Average
Herbert Jones,10.7,0.427927928,0.476,0.337,0.329213483,2,0.5,Semi-Spacer,Average
Jrue Holiday,13.6,0.558558559,0.501,0.411,0.37752809,2,0.5,Semi-Spacer,Average
Josh Hart,12.4,0.504504505,0.504,0.343,0.420224719,2,0.5,Semi-Spacer,Average
Tobias Harris,11.7,0.472972973,0.482,0.367,0.302247191,2,0.5,Semi-Spacer,Average
Aaron Holiday,13.1,0.536036036,0.447,0.379,0.342696629,2,0.5,Semi-Spacer,Average
Kelan Martin,15.4,0.63963964,0.409,0.293,0.493258427,0,1,Spacer,Good
Serge Ibaka,13.8,0.567567568,0.5,0.374,0.375280899,0,1,Spacer,Good
Terence Davis,16.3,0.68018018,0.423,0.329,0.626966292,0,1,Spacer,Good
Dennis Schröder,14.7,0.608108108,0.431,0.344,0.387640449,0,1,Spacer,Good
Admiral Schofield,17.6,0.738738739,0.419,0.329,0.687640449,0,1,Spacer,Good
De'Andre Hunter,13.9,0.572072072,0.442,0.379,0.380898876,0,1,Spacer,Good
Jaylen Nowell,14.1,0.581081081,0.475,0.394,0.434831461,0,1,Spacer,Good
Spencer Dinwiddie,15.6,0.648648649,0.416,0.339,0.504494382,0,1,Spacer,Good
Brandon Ingram,14.6,0.603603604,0.461,0.327,0.258426966,0,1,Spacer,Good
Frank Ntilikina,17.5,0.734234234,0.399,0.342,0.559550562,0,1,Spacer,Good
Luguentz Dort,16.4,0.684684685,0.404,0.332,0.605617978,0,1,Spacer,Good
Ricky Rubio,15.4,0.63963964,0.363,0.339,0.475280899,0,1,Spacer,Good
Goran Dragić,15.2,0.630630631,0.377,0.254,0.468539326,0,1,Spacer,Good
Chris Duarte,15.5,0.644144144,0.432,0.369,0.461797753,0,1,Spacer,Good
Terry Rozier,16.4,0.684684685,0.444,0.374,0.570786517,0,1,Spacer,Good
Kevin Durant,15.1,0.626126126,0.518,0.383,0.302247191,0,1,Spacer,Good
Anthony Edwards,15.2,0.630630631,0.441,0.357,0.543820225,0,1,Spacer,Good
Luka Dončić,15.9,0.662162162,0.457,0.353,0.456179775,0,1,Spacer,Good
Kessler Edwards,15.4,0.63963964,0.412,0.353,0.571910112,0,1,Spacer,Good
Kyrie Irving,16.5,0.689189189,0.469,0.418,0.435955056,0,1,Spacer,Good
Frank Jackson,17.4,0.72972973,0.402,0.308,0.649438202,0,1,Spacer,Good
Malik Monk,16.3,0.68018018,0.473,0.391,0.601123596,0,1,Spacer,Good
Keifer Sykes,17.3,0.725225225,0.363,0.3,0.53258427,0,1,Spacer,Good
Maurice Harkless,15,0.621621622,0.459,0.307,0.626966292,0,1,Spacer,Good
Moses Moody,17.5,0.734234234,0.437,0.364,0.675280899,0,1,Spacer,Good
Marcus Morris,17.6,0.738738739,0.434,0.367,0.447191011,0,1,Spacer,Good
Monte Morris,16.1,0.671171171,0.484,0.395,0.456179775,0,1,Spacer,Good
Jordan Clarkson,16.9,0.707207207,0.419,0.318,0.602247191,0,1,Spacer,Good
Cade Cunningham,13.8,0.567567568,0.416,0.314,0.395505618,0,1,Spacer,Good
Amir Coffey,16.8,0.702702703,0.453,0.378,0.612359551,0,1,Spacer,Good
Lance Stephenson,14.3,0.59009009,0.455,0.3,0.313483146,0,1,Spacer,Good
Mike Conley,17.1,0.716216216,0.435,0.408,0.587640449,0,1,Spacer,Good
LeBron James,13.8,0.567567568,0.524,0.359,0.412359551,0,1,Spacer,Good
Reggie Jackson,16.3,0.68018018,0.392,0.326,0.470786517,0,1,Spacer,Good
Josh Jackson,14.9,0.617117117,0.4,0.254,0.486516854,0,1,Spacer,Good
Torrey Craig,16,0.666666667,0.454,0.329,0.596629213,0,1,Spacer,Good
Marcus Smart,16.1,0.671171171,0.418,0.331,0.562921348,0,1,Spacer,Good
Svi Mykhailiuk,17,0.711711712,0.389,0.306,0.643820225,0,1,Spacer,Good
Alex Caruso,15.4,0.63963964,0.398,0.333,0.552808989,0,1,Spacer,Good
Rajon Rondo,16.1,0.671171171,0.386,0.352,0.561797753,0,1,Spacer,Good
Al Horford,15.3,0.635135135,0.467,0.336,0.523595506,0,1,Spacer,Good
Bobby Portis,14.5,0.599099099,0.479,0.393,0.435955056,0,1,Spacer,Good
Eric Gordon,16.2,0.675675676,0.475,0.412,0.6,0,1,Spacer,Good
Otto Porter Jr.,16.7,0.698198198,0.464,0.37,0.583146067,0,1,Spacer,Good
Jerami Grant,15.2,0.630630631,0.426,0.358,0.407865169,0,1,Spacer,Good
Kevin Porter Jr.,16.5,0.689189189,0.415,0.375,0.574157303,0,1,Spacer,Good
Aleksej Pokusevski,14.6,0.603603604,0.408,0.289,0.485393258,0,1,Spacer,Good
Jalen Green,15.7,0.653153153,0.426,0.343,0.539325843,0,1,Spacer,Good
Brandon Goodwin,13.9,0.572072072,0.416,0.345,0.401123596,0,1,Spacer,Good
Killian Hayes,14.3,0.59009009,0.383,0.263,0.408988764,0,1,Spacer,Good
Cameron Payne,13.8,0.567567568,0.409,0.336,0.403370787,0,1,Spacer,Good
Chris Paul,16.4,0.684684685,0.493,0.317,0.303370787,0,1,Spacer,Good
Rui Hachimura,14.7,0.608108108,0.491,0.447,0.362921348,0,1,Spacer,Good
Tyrese Haliburton,16.7,0.698198198,0.473,0.414,0.480898876,0,1,Spacer,Good
R.J. Hampton,13.7,0.563063063,0.383,0.35,0.449438202,0,1,Spacer,Good
Kelly Oubre Jr.,16.9,0.707207207,0.44,0.345,0.666292135,0,1,Spacer,Good
James Harden,14.6,0.603603604,0.41,0.33,0.507865169,0,1,Spacer,Good
Kelly Olynyk,14.2,0.585585586,0.448,0.336,0.46741573,0,1,Spacer,Good
Danuel House Jr.,16.9,0.707207207,0.404,0.376,0.664044944,0,1,Spacer,Good
Gordon Hayward,14.4,0.594594595,0.459,0.391,0.401123596,0,1,Spacer,Good
Juancho Hernangómez,17.2,0.720720721,0.415,0.348,0.731460674,0,1,Spacer,Good
Jeremiah Robinson-Earl,15.3,0.635135135,0.414,0.352,0.571910112,0,1,Spacer,Good
Jordan Nwora,16.8,0.702702703,0.403,0.348,0.551685393,0,1,Spacer,Good
Dorian Finney-Smith,17,0.711711712,0.471,0.395,0.706741573,0,1,Spacer,Good
Josh Richardson,17.2,0.720720721,0.438,0.415,0.517977528,0,1,Spacer,Good
Semi Ojeleye,16.5,0.689189189,0.303,0.3,0.56741573,0,1,Spacer,Good
George Hill,15.4,0.63963964,0.429,0.306,0.547191011,0,1,Spacer,Good
Tyler Herro,16,0.666666667,0.447,0.399,0.439325843,0,1,Spacer,Good
Kristaps Porziņģis,14.3,0.59009009,0.459,0.31,0.369662921,0,1,Spacer,Good
Cam Reddish,15.7,0.653153153,0.404,0.359,0.506741573,0,1,Spacer,Good
Darius Garland,15.5,0.644144144,0.462,0.383,0.434831461,0,1,Spacer,Good
Julius Randle,13.8,0.567567568,0.411,0.308,0.351685393,0,1,Spacer,Good
Taurean Prince,17.2,0.720720721,0.454,0.376,0.659550562,0,1,Spacer,Good
Rudy Gay,17.4,0.72972973,0.414,0.345,0.602247191,0,1,Spacer,Good
Paul George,16.6,0.693693694,0.421,0.354,0.453932584,0,1,Spacer,Good
Joshua Primo,15.9,0.662162162,0.374,0.307,0.569662921,0,1,Spacer,Good
Norman Powell,14.4,0.594594595,0.461,0.419,0.469662921,0,1,Spacer,Good
Austin Reaves,16.6,0.693693694,0.459,0.317,0.58988764,0,1,Spacer,Good
Jayson Tatum,15.2,0.630630631,0.453,0.353,0.46741573,0,1,Spacer,Good
Stanley Johnson,13.7,0.563063063,0.466,0.314,0.469662921,0,1,Spacer,Good
Saddiq Bey,17.4,0.72972973,0.396,0.346,0.603370787,0,1,Spacer,Good
Brandon Williams,14.1,0.581081081,0.372,0.292,0.42247191,0,1,Spacer,Good
Andrew Wiggins,14.9,0.617117117,0.466,0.393,0.440449438,0,1,Spacer,Good
Doug McDermott,16.6,0.693693694,0.462,0.422,0.619101124,0,1,Spacer,Good
Kira Lewis Jr.,14.8,0.612612613,0.404,0.224,0.446067416,0,1,Spacer,Good
Will Barton,16,0.666666667,0.438,0.365,0.539325843,0,1,Spacer,Good
Derrick White,15.4,0.63963964,0.421,0.312,0.517977528,0,1,Spacer,Good
Coby White,17.4,0.72972973,0.433,0.385,0.615730337,0,1,Spacer,Good
Desmond Bane,16.8,0.702702703,0.461,0.436,0.533707865,0,1,Spacer,Good
Damion Lee,16.4,0.684684685,0.441,0.337,0.548314607,0,1,Spacer,Good
P.J. Washington,15.8,0.657657658,0.47,0.365,0.635955056,0,1,Spacer,Good
Jake Layman,14.4,0.594594595,0.411,0.229,0.538202247,0,1,Spacer,Good
Duane Washington Jr.,16.3,0.68018018,0.405,0.377,0.566292135,0,1,Spacer,Good
Patrick Beverley,16.6,0.693693694,0.406,0.343,0.623595506,0,1,Spacer,Good
Zach LaVine,15.2,0.630630631,0.476,0.389,0.450561798,0,1,Spacer,Good
Romeo Langford,14.4,0.594594595,0.435,0.341,0.5,0,1,Spacer,Good
De'Anthony Melton,17.2,0.720720721,0.404,0.374,0.601123596,0,1,Spacer,Good
Yuta Watanabe,17.2,0.720720721,0.406,0.342,0.642696629,0,1,Spacer,Good
Nemanja Bjelica,14.1,0.581081081,0.468,0.362,0.48988764,0,1,Spacer,Good
Mo Bamba,14.3,0.59009009,0.48,0.381,0.511235955,0,1,Spacer,Good
LaMelo Ball,15.9,0.662162162,0.429,0.389,0.506741573,0,1,Spacer,Good
Lauri Markkanen,16.5,0.689189189,0.445,0.358,0.607865169,0,1,Spacer,Good
Tre Mann,16.7,0.698198198,0.393,0.36,0.520224719,0,1,Spacer,Good
Trae Young,16.5,0.689189189,0.46,0.382,0.443820225,0,1,Spacer,Good
Nickeil Alexander-Walker,15.8,0.657657658,0.372,0.311,0.558426966,0,1,Spacer,Good
CJ McCollum,16.2,0.675675676,0.46,0.388,0.452808989,0,1,Spacer,Good
Théo Maledon,15.3,0.635135135,0.375,0.293,0.531460674,0,1,Spacer,Good
Delon Wright,14.1,0.581081081,0.454,0.379,0.484269663,0,1,Spacer,Good
Grant Williams,16.6,0.693693694,0.475,0.411,0.670786517,0,1,Spacer,Good
Timothé Luwawu-Cabarrot,17.5,0.734234234,0.398,0.361,0.737078652,0,1,Spacer,Good
Ziaire Williams,17.2,0.720720721,0.45,0.314,0.641573034,0,1,Spacer,Good
Cole Anthony,16.2,0.675675676,0.391,0.338,0.482022472,0,1,Spacer,Good
OG Anunoby,15.1,0.626126126,0.443,0.363,0.511235955,0,1,Spacer,Good
Lou Williams,15.3,0.635135135,0.391,0.363,0.358426966,0,1,Spacer,Good
Deni Avdija,14.4,0.594594595,0.432,0.317,0.502247191,0,1,Spacer,Good
Nassir Little,14.9,0.617117117,0.46,0.331,0.549438202,0,1,Spacer,Good
Kenrich Williams,13.7,0.563063063,0.461,0.339,0.429213483,0,1,Spacer,Good
Jaden McDaniels,13.8,0.567567568,0.46,0.317,0.511235955,0,1,Spacer,Good
Eric Bledsoe,14.2,0.585585586,0.421,0.313,0.391011236,0,1,Spacer,Good
Gary Harris,17.2,0.720720721,0.434,0.384,0.613483146,0,1,Spacer,Good
Lonnie Walker IV,17,0.711711712,0.407,0.314,0.519101124,0,1,Spacer,Good
Furkan Korkmaz,17.4,0.72972973,0.387,0.289,0.635955056,0,1,Spacer,Good
Myles Turner,14.8,0.612612613,0.509,0.333,0.523595506,0,1,Spacer,Good
P.J. Tucker,13.8,0.567567568,0.484,0.415,0.506741573,0,1,Spacer,Good
Khris Middleton,17.3,0.725225225,0.443,0.373,0.47752809,0,1,Spacer,Good
Jaylen Brown,14.5,0.599099099,0.473,0.358,0.428089888,0,1,Spacer,Good
Davion Mitchell,15.6,0.648648649,0.418,0.316,0.426966292,0,1,Spacer,Good
Sterling Brown,17.1,0.716216216,0.381,0.304,0.66741573,0,1,Spacer,Good
Oshae Brissett,13.9,0.572072072,0.411,0.35,0.525842697,0,1,Spacer,Good
Troy Brown Jr.,15,0.621621622,0.419,0.353,0.579775281,0,1,Spacer,Good
JT Thor,15.8,0.657657658,0.436,0.259,0.551685393,0,1,Spacer,Good
Trey Burke,17,0.711711712,0.391,0.317,0.428089888,0,1,Spacer,Good
Alec Burks,17.4,0.72972973,0.391,0.404,0.6,0,1,Spacer,Good
Tyus Jones,15.2,0.630630631,0.451,0.39,0.416853933,0,1,Spacer,Good
Isaiah Thomas,16.8,0.702702703,0.401,0.337,0.558426966,0,1,Spacer,Good
Cam Thomas,16,0.666666667,0.433,0.27,0.388764045,0,1,Spacer,Good
Donovan Mitchell,16.7,0.698198198,0.448,0.355,0.533707865,0,1,Spacer,Good
Cory Joseph,14.7,0.608108108,0.445,0.414,0.441573034,0,1,Spacer,Good
Vit Krejci,17.5,0.734234234,0.407,0.327,0.659550562,0,1,Spacer,Good
John Konchar,14.3,0.59009009,0.515,0.413,0.540449438,0,1,Spacer,Good
Brandon Boston Jr.,14.7,0.608108108,0.385,0.306,0.384269663,0,1,Spacer,Good
Ish Wainright,15.8,0.657657658,0.394,0.322,0.637078652,0,1,Spacer,Good
Devin Vassell,17.3,0.725225225,0.427,0.361,0.558426966,0,1,Spacer,Good
Ignas Brazdeikis,14,0.576576577,0.431,0.31,0.520224719,0,1,Spacer,Good
Moritz Wagner,14.4,0.594594595,0.497,0.328,0.570786517,0,1,Spacer,Good
Bojan Bogdanović,15.6,0.648648649,0.455,0.387,0.566292135,0,1,Spacer,Good
Leandro Bolmaro,13.7,0.563063063,0.315,0.278,0.374157303,0,1,Spacer,Good
Jeremy Lamb,17.4,0.72972973,0.383,0.324,0.550561798,0,1,Spacer,Good
Chimezie Metu,14,0.576576577,0.452,0.306,0.465168539,0,1,Spacer,Good
Devin Booker,16.1,0.671171171,0.466,0.383,0.37752809,0,1,Spacer,Good
Kyle Kuzma,14.8,0.612612613,0.452,0.341,0.450561798,0,1,Spacer,Good
Sam Hauser,22.7,0.968468468,0.46,0.432,0.988764045,3,1,Spacer,Great
Keljin Blevins,18.4,0.774774775,0.306,0.292,0.729213483,3,1,Spacer,Great
Kemba Walker,18,0.756756757,0.403,0.367,0.604494382,3,1,Spacer,Great
Bogdan Bogdanović,18.6,0.783783784,0.431,0.368,0.649438202,3,1,Spacer,Great
Devonte' Graham,21.2,0.900900901,0.363,0.341,0.776404494,3,1,Spacer,Great
Dean Wade,18.3,0.77027027,0.456,0.359,0.734831461,3,1,Spacer,Great
Avery Bradley,18.1,0.761261261,0.423,0.39,0.674157303,3,1,Spacer,Great
Gabe Vincent,19.5,0.824324324,0.417,0.368,0.707865169,3,1,Spacer,Great
Buddy Hield,19.7,0.833333333,0.406,0.366,0.73258427,3,1,Spacer,Great
Kevin Knox,18.5,0.779279279,0.365,0.278,0.713483146,3,1,Spacer,Great
Ben McLemore,21.9,0.932432432,0.401,0.362,0.869662921,3,1,Spacer,Great
Patty Mills,21.4,0.90990991,0.408,0.4,0.803370787,3,1,Spacer,Great
Denzel Valentine,20.6,0.873873874,0.379,0.404,0.8,3,1,Spacer,Great
Maxi Kleber,19.9,0.842342342,0.398,0.325,0.808988764,3,1,Spacer,Great
Armoni Brooks,23.4,1,0.339,0.297,0.968539326,3,1,Spacer,Great
Corey Kispert,18.1,0.761261261,0.455,0.35,0.7,3,1,Spacer,Great
Gary Trent Jr.,18.5,0.779279279,0.414,0.383,0.564044944,3,1,Spacer,Great
Luke Kennard,20.8,0.882882883,0.449,0.449,0.743820225,3,1,Spacer,Great
Fred VanVleet,19.9,0.842342342,0.403,0.377,0.657303371,3,1,Spacer,Great
Dāvis Bertāns,23,0.981981982,0.36,0.335,0.939325843,3,1,Spacer,Great
Davon Reed,18,0.756756757,0.503,0.43,0.6,3,1,Spacer,Great
Danny Green,21.8,0.927927928,0.394,0.38,0.951685393,3,1,Spacer,Great
Garrison Mathews,22.5,0.959459459,0.399,0.36,0.940449438,3,1,Spacer,Great
Wesley Matthews,19.1,0.806306306,0.395,0.338,0.802247191,3,1,Spacer,Great
Grayson Allen,19.2,0.810810811,0.448,0.409,0.768539326,3,1,Spacer,Great
Tim Hardaway Jr.,19.6,0.828828829,0.394,0.336,0.64494382,3,1,Spacer,Great
Kevin Pangos,17.8,0.747747748,0.326,0.231,0.634831461,3,1,Spacer,Great
Miles McBride,19.1,0.806306306,0.296,0.25,0.707865169,3,1,Spacer,Great
Dylan Windler,18.7,0.788288288,0.378,0.3,0.802247191,3,1,Spacer,Great
Carmelo Anthony,19.1,0.806306306,0.441,0.375,0.616853933,3,1,Spacer,Great
Trevor Ariza,19.3,0.815315315,0.333,0.27,0.839325843,3,1,Spacer,Great
D.J. Augustin,20.3,0.86036036,0.423,0.415,0.830337079,3,1,Spacer,Great
Lonzo Ball,19.9,0.842342342,0.423,0.423,0.762921348,3,1,Spacer,Great
Cedi Osman,17.9,0.752252252,0.432,0.357,0.705617978,3,1,Spacer,Great
Kyle Lowry,19.8,0.837837838,0.44,0.377,0.684269663,3,1,Spacer,Great
Kevin Love,19.7,0.833333333,0.43,0.392,0.704494382,3,1,Spacer,Great
Joe Wieskamp,21.5,0.914414414,0.357,0.326,0.862921348,3,1,Spacer,Great
Damian Lillard,17.9,0.752252252,0.402,0.324,0.57752809,3,1,Spacer,Great
Jordan Poole,17.8,0.747747748,0.448,0.364,0.615730337,3,1,Spacer,Great
Nicolas Batum,20.2,0.855855856,0.463,0.4,0.784269663,3,1,Spacer,Great
Kent Bazemore,18.1,0.761261261,0.324,0.363,0.647191011,3,1,Spacer,Great
Rodney McGruder,18.2,0.765765766,0.436,0.397,0.729213483,3,1,Spacer,Great
Lindy Waters III,22.4,0.954954955,0.406,0.363,0.937078652,3,1,Spacer,Great
Killian Tillie,18.7,0.788288288,0.339,0.314,0.760674157,3,1,Spacer,Great
Malik Beasley,20.8,0.882882883,0.391,0.377,0.841573034,3,1,Spacer,Great
Reggie Bullock,20.9,0.887387387,0.401,0.36,0.878651685,3,1,Spacer,Great
Jared Butler,18.4,0.774774775,0.404,0.318,0.65505618,3,1,Spacer,Great
Justin Holiday,20.7,0.878378378,0.394,0.367,0.817977528,3,1,Spacer,Great
Georges Niang,19.1,0.806306306,0.437,0.403,0.771910112,3,1,Spacer,Great
Joe Ingles,21.3,0.905405405,0.404,0.347,0.886516854,3,1,Spacer,Great
Gorgui Dieng,19.2,0.810810811,0.473,0.426,0.682022472,3,1,Spacer,Great
Donte DiVincenzo,18.6,0.783783784,0.351,0.339,0.729213483,3,1,Spacer,Great
D'Angelo Russell,18.2,0.765765766,0.411,0.34,0.596629213,3,1,Spacer,Great
Andre Iguodala,18.1,0.761261261,0.38,0.23,0.687640449,3,1,Spacer,Great
Bones Hyland,19.4,0.81981982,0.403,0.366,0.704494382,3,1,Spacer,Great
Terrence Ross,18,0.756756757,0.397,0.292,0.535955056,3,1,Spacer,Great
Elijah Hughes,20.1,0.851351351,0.326,0.263,0.741573034,3,1,Spacer,Great
Wayne Ellington,23.4,1,0.414,0.389,1,3,1,Spacer,Great
Kevin Huerter,18,0.756756757,0.454,0.389,0.607865169,3,1,Spacer,Great
Markus Howard,20.2,0.855855856,0.386,0.4,0.778651685,3,1,Spacer,Great
Malachi Flynn,18.2,0.765765766,0.393,0.333,0.552808989,3,1,Spacer,Great
Justin Robinson,21.4,0.90990991,0.301,0.295,0.737078652,3,1,Spacer,Great
Duncan Robinson,22.7,0.968468468,0.399,0.372,0.966292135,3,1,Spacer,Great
Austin Rivers,17.9,0.752252252,0.417,0.342,0.741573034,3,1,Spacer,Great
Bryn Forbes,19.5,0.824324324,0.429,0.414,0.614606742,3,1,Spacer,Great
Danilo Gallinari,18.4,0.774774775,0.434,0.381,0.552808989,3,1,Spacer,Great
Evan Fournier,19.6,0.828828829,0.417,0.389,0.720224719,3,1,Spacer,Great
Rodney Hood,19.6,0.828828829,0.369,0.33,0.651685393,3,1,Spacer,Great
Aaron Nesmith,18.4,0.774774775,0.396,0.27,0.71011236,3,1,Spacer,Great
Landry Shamet,20,0.846846847,0.394,0.368,0.774157303,3,1,Spacer,Great
Stephen Curry,19.8,0.837837838,0.437,0.38,0.688764045,3,1,Spacer,Great
Seth Curry,19.4,0.81981982,0.487,0.422,0.568539326,3,1,Spacer,Great
Klay Thompson,18.9,0.797297297,0.429,0.385,0.580898876,3,1,Spacer,Great
Matt Thomas,22.6,0.963963964,0.41,0.385,0.762921348,3,1,Spacer,Great
Chuma Okeke,18.6,0.783783784,0.376,0.318,0.724719101,3,1,Spacer,Great
Kentavious Caldwell-Pope,18.1,0.761261261,0.435,0.39,0.552808989,3,1,Spacer,Great
Facundo Campazzo,19.4,0.81981982,0.361,0.301,0.73258427,3,1,Spacer,Great
Garrett Temple,18.1,0.761261261,0.376,0.319,0.704494382,3,1,Spacer,Great
Jevon Carter,21.2,0.900900901,0.387,0.388,0.75505618,3,1,Spacer,Great
Payton Pritchard,20.6,0.873873874,0.429,0.412,0.738202247,3,1,Spacer,Great
Immanuel Quickley,18.4,0.774774775,0.392,0.346,0.614606742,3,1,Spacer,Great
Chris Chiozza,19.4,0.81981982,0.296,0.321,0.734831461,3,1,Spacer,Great
Royce O'Neale,18.7,0.788288288,0.457,0.389,0.774157303,3,1,Spacer,Great
Trey Murphy III,18.5,0.779279279,0.394,0.382,0.753932584,3,1,Spacer,Great
Gary Clark,20.1,0.851351351,0.375,0.4,0.893258427,3,1,Spacer,Great
Cameron Johnson,18.6,0.783783784,0.46,0.425,0.723595506,3,1,Spacer,Great
Mike Muscala,19.6,0.828828829,0.456,0.429,0.738202247,3,1,Spacer,Great
Tony Snell,20,0.846846847,0.404,0.352,0.841573034,3,1,Spacer,Great
Pat Connaughton,20.2,0.855855856,0.458,0.395,0.838202247,3,1,Spacer,Great
Isaiah Joe,22.2,0.945945946,0.35,0.333,0.857303371,3,1,Spacer,Great
Robert Covington,18.8,0.792792793,0.42,0.378,0.765168539,3,1,Spacer,Great
Jae Crowder,20.8,0.882882883,0.399,0.348,0.753932584,3,1,Spacer,Great
Ty Jerome,18.3,0.77027027,0.378,0.29,0.637078652,3,1,Spacer,Great
Anfernee Simons,19,0.801801802,0.443,0.405,0.623595506,3,1,Spacer,Great
Max Strus,21.1,0.896396396,0.441,0.41,0.880898876,3,1,Spacer,Great
Quentin Grimes,22.1,0.941441441,0.404,0.381,0.903370787,3,1,Spacer,Great
